id;first_name;middle_name;last_name;member_unique_id;father_name;mother_name;gender;dob;email;mobile_no;religion;category;cast;aadhar_card;pan_card;ration_card;family_member_count;occupation;application_date;status;kmp_status;board_resolution_no;board_resolution_date;loan_status;member_type;isactive;last_modified;last_modified_by;created_by;created_on;free_field_1;free_field_2;free_field_3
1;Sylvia;Bedfordshire Frozen;Dibbert;programming;Intranet AGP;Ecuador;FEMALE;2022-08-18;Earline.Carter@hotmail.com;Concrete;Buckinghamshire Avon Kentucky;killer Bedfordshire;Steel;user-facing Wooden Practical;Sterling Stream Niue;Direct Sleek payment;88466;North Brand bleeding-edge;2022-08-18T18:36:45;CREATED;false;Integration;2022-08-18;PENDING;Metal Developer e-business;true;2022-08-18T22:35:03;drive International Practical;Wyoming;2022-08-18T06:12:02;Forward;CSS logistical;support logistical real-time
2;Finn;Mauritania;Bartell;Avon;Carolina Fresh;Avon;OTHER;2022-08-18;Monserrat.Welch@hotmail.com;Keyboard killer;Small;Future optical Cotton;Dollar;deposit;Account deliverables convergence;Denar Cambridgeshire Outdoors;24940;Montana engage;2022-08-19T02:47:38;LOAN_ACTIVE;false;paradigms;2022-08-18;DISBURSED;ROI;true;2022-08-18T15:24:10;Checking Customer;application Alaska monitor;2022-08-18T20:16:13;strategize driver;Kids;zero platforms
3;Friedrich;Cambridgeshire directional Pants;Medhurst;port purple;clicks-and-mortar 24/7 olive;Moldova;OTHER;2022-08-18;Kaela14@yahoo.com;Security Franc reboot;Internal Borders;system Berkshire;connecting;Organic Rubber;robust;back Ergonomic;4896;Awesome;2022-08-18T20:44:58;KYC_GENREATED;false;Avon Concrete;2022-08-18;APPROVED;Soft;false;2022-08-19T03:48:46;auxiliary RAM;Director SMTP Progressive;2022-08-18T13:38:53;strategy;1080p;Market Kentucky
4;Winnifred;Bacon engine;Jenkins;Plains Granite Music;bus;users;FEMALE;2022-08-18;Dale8@hotmail.com;redundant front-end;target;Nicaragua sexy function;bypass Manat Integration;SDD initiatives;overriding web-readiness;partnerships bus;99545;Metal IB;2022-08-19T04:30:03;DOCUMENT_VERIFIED;false;Industrial;2022-08-18;CLOSED;Games Soft;false;2022-08-18T23:51:48;Handcrafted Bacon Product;optimize;2022-08-18T12:54:44;silver;Avon yellow Awesome;CSS driver e-enable
5;Jay;standardization;Beatty;panel recontextualize payment;Grocery;Product deposit dynamic;OTHER;2022-08-18;Dahlia.Little53@hotmail.com;Home;Fantastic Tools Gorgeous;Account;Riel;mission-critical;definition Ball Fish;transmitting generating;14824;overriding incubate Massachusetts;2022-08-19T00:04:57;DOCUMENT_VERIFIED;true;Quality-focused;2022-08-18;ACTIVE;benchmark Engineer;false;2022-08-19T04:46:22;Auto Centralized pink;Kansas core;2022-08-18T11:00:55;Checking Dalasi;Markets navigate;24/7
6;Leone;Fiji SMS enable;McDermott;deposit Customer vertical;Awesome Virtual scalable;Principal;OTHER;2022-08-18;Annabelle_Jakubowski@hotmail.com;systemic budgetary;Parks Guyana;optimizing Synergistic;Manors Infrastructure;indexing Lead;alarm Accountability Technician;Incredible virtual generation;68273;Account;2022-08-18T13:22:14;DOCUMENT_VERIFIED;false;Dynamic mobile;2022-08-18;APPLIED;challenge;false;2022-08-18T21:17:32;SDR Factors;Borders schemas;2022-08-18T23:54:39;explicit;(E.M.U.-6);grey Ngultrum invoice
7;Deon;Fantastic;Towne;Trail;Republic Wisconsin;transparent Buckinghamshire Rustic;MALE;2022-08-18;Grace.Graham44@hotmail.com;Gardens;Dollar implementation;port;Assurance;Integration purple;Books Bike;Checking;4813;withdrawal;2022-08-19T02:32:03;KYC_GENREATED;true;didactic well-modulated;2022-08-18;CLOSED;array Missouri;true;2022-08-18T11:55:43;synergies;circuit Borders Metal;2022-08-18T07:16:26;expedite Avon;Frozen;interactive Buckinghamshire Tuna
8;Antonia;Kwanza;Bayer;application;Account primary Practical;Investment Agent;MALE;2022-08-18;Kurt42@yahoo.com;eyeballs Cross-platform;dynamic matrix;red Representative;scalable copying;Pizza;District;Outdoors Israeli;46663;customer;2022-08-19T00:37:38;KYC_GENREATED;false;orange Cove Accounts;2022-08-18;ACTIVE;Cliff PNG transparent;false;2022-08-18T05:35:52;Regional initiative disintermediate;optical Dynamic PCI;2022-08-18T18:59:16;grey Toys;Bacon Monaco parsing;regional
9;Zechariah;AI context-sensitive tan;Wilkinson;Bike tan;deposit;Chicken;MALE;2022-08-19;Frieda10@gmail.com;Stand-alone facilitate drive;Branding;Baby;redundant navigating Product;Sausages;SCSI Team-oriented Row;Account;64080;Legacy bluetooth 1080p;2022-08-18T21:34:52;DOCUMENT_VERIFIED;false;Fish;2022-08-18;CHART_GENRATED;Hat;false;2022-08-18T10:58:31;Netherlands;Marketing backing executive;2022-08-18T14:36:30;Object-based monitor;Berkshire olive;Account
10;Zoila;Ball Practical Yemeni;Connelly;Home pixel Thailand;Web THX;teal;OTHER;2022-08-18;Audrey_Sipes86@gmail.com;Chief;cutting-edge;implementation Ball;Future-proofed;Buckinghamshire;Clothing;Director Paradigm Fresh;20131;Reactive back-end out-of-the-box;2022-08-18T22:50:37;KYC_GENREATED;false;East;2022-08-18;PENDING;Corporate GB Maine;false;2022-08-19T00:25:33;lavender Bedfordshire drive;motivating cyan;2022-08-19T01:22:08;turn-key Fish Rustic;Hat;Markets Open-architected HTTP
