id;first_name;middle_name;last_name;father_name;mother_name;guardian_name;gender;dob;aadhar_card;nominee_declare_date;relation;permanent_addr;last_modified;last_modified_by;created_by;created_on;is_deleted;free_field_1;free_field_2;free_field_3
1;Brice;Flat;Kuphal;Avon Oklahoma;Savings;Leu;Sports;2022-08-18;Central parsing Forge;2022-08-19T01:59:01;transform Clothing;Pennsylvania Health;2022-08-18T17:11:33;circuit Turnpike;Seamless reboot Refined;2022-08-18T11:54:40;false;Coordinator Jewelery Security;Buckinghamshire;compressing revolutionize hacking
2;Sally;deposit green;Pfeffer;Car intranet Table;Koruna viral;Generic iterate Drive;navigating;2022-08-18;indexing;2022-08-18T13:48:09;Small Regional Cotton;Dynamic Fish;2022-08-19T01:32:30;Refined Valleys;extranet Ball ADP;2022-08-18T14:30:30;true;Interactions;Rustic Handcrafted Well;Market
3;Eldora;Russian withdrawal;Strosin;Licensed Fantastic cutting-edge;azure;Bahrain;Coordinator;2022-08-18;world-class JSON Cove;2022-08-18T06:04:59;transmitting SMS green;array;2022-08-18T12:48:00;payment;Islands Refined;2022-08-18T07:20:32;true;solutions interface solution;attitude Bedfordshire Home;Generic bifurcated challenge
4;Maeve;Montana auxiliary SCSI;Dicki;withdrawal Ranch;Dominica e-markets Greece;Bacon Alaska sexy;moratorium;2022-08-18;paradigms Buckinghamshire Rubber;2022-08-18T08:47:23;orchestrate streamline e-services;Intelligent Fresh;2022-08-18T11:13:17;payment Product Wooden;eyeballs Industrial;2022-08-18T11:42:41;true;Credit composite THX;Dong SSL;Beauty Advanced
5;Mackenzie;Mauritius Auto;Kessler;Table cohesive;collaboration generation Architect;Pound;Investment Towels parse;2022-08-18;Health;2022-08-18T17:16:26;Mexico;Corporate Swedish;2022-08-18T10:00:16;Buckinghamshire 1080p;primary Kwanza;2022-08-18T16:02:56;true;Research system;Investment Optimization content-based;synthesize
6;Keshawn;Dong mindshare;Quitzon;Unbranded Shoes;Dynamic hacking Lead;copy;Sudanese Cambridgeshire Saint;2022-08-18;Supervisor communities system;2022-08-18T14:35:21;Customizable dynamic;Ball;2022-08-18T12:22:05;robust gold;transmit;2022-08-18T18:20:33;false;Mouse User-centric;experiences;unleash indexing Pants
7;Baby;Generic Rubber;Emard;withdrawal Soft connecting;Frozen;and;Account Bike;2022-08-18;Buckinghamshire Licensed;2022-08-19T01:22:36;Directives Tuna connect;Berkshire neutral Canyon;2022-08-18T19:39:12;Koruna Mall;transform;2022-08-19T03:24:37;false;specifically parallelism Focused;distributed;applications THX
8;Toy;compressing Senior partnerships;Koepp;Automotive ivory;Regional;Right-sized;Sleek Spring Knolls;2022-08-19;Quality Vista;2022-08-18T15:13:46;plum Borders area;invoice;2022-08-18T22:14:54;up Fresh Zloty;dot-com deposit deposit;2022-08-18T05:39:48;true;Chips optical Fish;Avon olive;navigate Refined Frozen
9;Aaliyah;functionalities generate;Maggio;reintermediate;GB Virtual Pass;SMTP Tunnel;Kentucky Buckinghamshire;2022-08-18;Account Steel quantifying;2022-08-19T00:55:51;background Future capacitor;cohesive Auto invoice;2022-08-18T11:01:31;Data Function-based convergence;SDD Monitored schemas;2022-08-18T23:40:37;false;methodology Markets;Belgium Bedfordshire;Garden Saint Sausages
10;Keon;magenta;Predovic;bandwidth SMS;Executive Implementation;Senior Dakota;Locks Shoes;2022-08-18;Kwacha strategy;2022-08-18T15:24:59;Steel;firewall;2022-08-18T11:46:55;Web;Usability scale;2022-08-18T17:21:51;false;connect Franc turn-key;24/7 Ergonomic;Canadian Implementation
